{
  "level1": [
    {
      "title": "Homework",
      "url": "https://drive.google.com/drive/folders/1LikxTTfszsilspuF98kru6po5BJporHp?usp=drive_link"
    }
  ],
  "level2": [
    {
      "title": "Homework",
      "url": "https://drive.google.com/drive/folders/1HhjpZ2_psDZuxGeBuk4Ibu2F8amXGyij?usp=drive_link"
    }
  ],
  "level3": [
    {
      "title": "Homework",
      "url": "https://drive.google.com/drive/folders/11n1Yr4HjGVI2omto_op1ZScOIt1W6QCb?usp=drive_link"
    }
  ],
  "level4": [
    {
      "title": "Homework",
      "url": "https://drive.google.com/drive/folders/1Vswrt907zK2yzajD6lK5IQMf7UCYI-Ig?usp=drive_link"
    }
  ],
  "level5": [
    {
      "title": "Homework",
      "url": "https://drive.google.com/drive/folders/1lPN_nfyBKXGHpdZN_hnaVWCQl70wahMh?usp=sharing"
    }
  ],
  "teachers": [
    {
      "title": "General Teaching Resources",
      "url": "https://drive.google.com/drive/folders/1WX5-NhjNI0ja9Exo6HcAu_NpLUk9X5_t?usp=sharing"
    }
  ]
}
